	Train Lang	Dev F1	Test F1
0	no	87.1130565085374	84.8918410116151
