	Language	Dev Accuracy	Test Accuracy
0	nob	98.57296048832798	98.26803710872322
