	Language	Dev Accuracy	Test Accuracy
0	nob	97.75633094118618	97.58392845224589
