	Language	Dev Accuracy	Test Accuracy
0	nob	98.26225631719322	97.81085229927251
