	Train Lang	Dev F1	Test F1
0	no	84.78235224725728	83.4492699128909
