	Train Lang	Dev F1	Test F1
0	no	82.3475395667909	80.54101785445069
