	Train Lang	Dev F1	Test F1
0	no	72.17344410927046	70.94076655052264
