	Language	Dev Accuracy	Test Accuracy
0	nob	98.60870521598063	98.2413401855436
