	Language	Dev Accuracy	Test Accuracy
0	nob	98.75168412659133	98.4782753787626
