	Train Lang	Dev F1	Test F1
0	no	82.60561006333941	75.72193758733115
