	Language	Dev Accuracy	Test Accuracy
0	nno	97.67109351370674	97.54722018287393
