	Train Lang	Dev F1	Test F1
0	no	72.48660982346583	71.75449641004391
